lane,label,source_type,url,download_path,retrieved_on,download_status,repo_head,content_type
cpp,libpqxx docs,selected_docs,https://libpqxx.readthedocs.io/stable/,docs/reference/best_in_class_driver_research_2026-04-03/cpp/downloads/01_libpqxx_docs.html,2026-04-03,downloaded,,text/html
cpp,libpqxx repo,selected_repo,https://github.com/jtv/libpqxx,docs/reference/best_in_class_driver_research_2026-04-03/cpp/downloads/02_libpqxx_repo.html,2026-04-03,downloaded,refs/heads/master 0314658cdc693d9d223490aecf0932b81854d13e,text/html
cpp,SOCI repo,candidate_repo,https://github.com/SOCI/soci,docs/reference/best_in_class_driver_research_2026-04-03/cpp/downloads/03_SOCI_repo.html,2026-04-03,downloaded,refs/heads/master 897dac8f9cb327eb24827731e569fadd32ae53d4,text/html
cpp,nanodbc docs,candidate_docs,https://nanodbc.github.io/nanodbc/,docs/reference/best_in_class_driver_research_2026-04-03/cpp/downloads/04_nanodbc_docs.html,2026-04-03,downloaded,,text/html
cli,psql docs,selected_docs,https://www.postgresql.org/docs/current/app-psql.html,docs/reference/best_in_class_driver_research_2026-04-03/cli/downloads/01_psql_docs.html,2026-04-03,downloaded,,text/html
cli,PostgreSQL repo,selected_repo,https://github.com/postgres/postgres,docs/reference/best_in_class_driver_research_2026-04-03/cli/downloads/02_PostgreSQL_repo.html,2026-04-03,downloaded,refs/heads/master d438a36591c58f60e0748b341855ec5519e1e3b4,text/html
cli,usql repo,candidate_repo,https://github.com/xo/usql,docs/reference/best_in_class_driver_research_2026-04-03/cli/downloads/03_usql_repo.html,2026-04-03,downloaded,refs/heads/main f7d0fbe808a87e9f6c726e5de2cec1fa284e88f5,text/html
cli,mycli project,candidate_docs,https://www.mycli.net/,docs/reference/best_in_class_driver_research_2026-04-03/cli/downloads/04_mycli_project.html,2026-04-03,downloaded,,text/html
cli,mycli repo,candidate_repo,https://github.com/dbcli/mycli,docs/reference/best_in_class_driver_research_2026-04-03/cli/downloads/05_mycli_repo.html,2026-04-03,downloaded,refs/heads/main 788a59113a6251dac077995573439e6da2813741,text/html
dart,pub.dev postgres,selected_docs,https://pub.dev/packages/postgres,docs/reference/best_in_class_driver_research_2026-04-03/dart/downloads/01_pub.dev_postgres.html,2026-04-03,downloaded,,text/html
dart,postgresql-dart repo,selected_repo,https://github.com/isoos/postgresql-dart,docs/reference/best_in_class_driver_research_2026-04-03/dart/downloads/02_postgresql-dart_repo.html,2026-04-03,downloaded,refs/heads/master 43345da8f52f15a395c215ca593920b144f5ad25,text/html
dart,mysql1 package,candidate_docs,https://pub.dev/packages/mysql1,docs/reference/best_in_class_driver_research_2026-04-03/dart/downloads/03_mysql1_package.html,2026-04-03,downloaded,,text/html
dart,sqlite3 package,candidate_docs,https://pub.dev/packages/sqlite3,docs/reference/best_in_class_driver_research_2026-04-03/dart/downloads/04_sqlite3_package.html,2026-04-03,downloaded,,text/html
dbeaver,DBeaver driver docs,selected_docs,https://dbeaver.com/docs/dbeaver/Database-drivers/,docs/reference/best_in_class_driver_research_2026-04-03/dbeaver/downloads/01_DBeaver_driver_docs.html,2026-04-03,downloaded,,text/html
dbeaver,DBeaver PostgreSQL plugin,selected_repo,https://github.com/dbeaver/dbeaver/tree/devel/plugins/org.jkiss.dbeaver.ext.postgresql,docs/reference/best_in_class_driver_research_2026-04-03/dbeaver/downloads/02_DBeaver_PostgreSQL_plugin.postgresql,2026-04-03,downloaded,,text/html
dbeaver,DBeaver MySQL plugin,candidate_repo,https://github.com/dbeaver/dbeaver/tree/devel/plugins/org.jkiss.dbeaver.ext.mysql,docs/reference/best_in_class_driver_research_2026-04-03/dbeaver/downloads/03_DBeaver_MySQL_plugin.mysql,2026-04-03,downloaded,,text/html
dbeaver,DBeaver SQL Server plugin,candidate_repo,https://github.com/dbeaver/dbeaver/tree/devel/plugins/org.jkiss.dbeaver.ext.mssql,docs/reference/best_in_class_driver_research_2026-04-03/dbeaver/downloads/04_DBeaver_SQL_Server_plugin.mssql,2026-04-03,downloaded,,text/html
dotnet,Npgsql docs,selected_docs,https://www.npgsql.org/doc/index.html,docs/reference/best_in_class_driver_research_2026-04-03/dotnet/downloads/01_Npgsql_docs.html,2026-04-03,downloaded,,text/html
dotnet,Npgsql repo,selected_repo,https://github.com/npgsql/npgsql,docs/reference/best_in_class_driver_research_2026-04-03/dotnet/downloads/02_Npgsql_repo.html,2026-04-03,downloaded,refs/heads/main 3698a477b3f52808e3c4ecf9ba53e3db8c8b6e5c,text/html
dotnet,Microsoft.Data.SqlClient docs,candidate_docs,https://learn.microsoft.com/en-us/sql/connect/ado-net/introduction-microsoft-data-sqlclient-namespace?view=sql-server-ver17,docs/reference/best_in_class_driver_research_2026-04-03/dotnet/downloads/03_Microsoft.Data.SqlClient_docs.html,2026-04-03,downloaded,,text/html
dotnet,MySqlConnector repo,candidate_repo,https://github.com/mysql-net/MySqlConnector,docs/reference/best_in_class_driver_research_2026-04-03/dotnet/downloads/04_MySqlConnector_repo.html,2026-04-03,downloaded,refs/heads/master 060488be2f1109ae18f40ad93821245fe1e7611d,text/html
elixir,Postgrex docs,selected_docs,https://hexdocs.pm/postgrex/readme.html,docs/reference/best_in_class_driver_research_2026-04-03/elixir/downloads/01_Postgrex_docs.html,2026-04-03,downloaded,,text/html
elixir,Postgrex repo,selected_repo,https://github.com/elixir-ecto/postgrex,docs/reference/best_in_class_driver_research_2026-04-03/elixir/downloads/02_Postgrex_repo.html,2026-04-03,downloaded,refs/heads/master 0f92ae39c8f43b6cf39a46ab1142f6fc09be40fe,text/html
elixir,MyXQL docs,candidate_docs,https://hexdocs.pm/myxql/readme.html,docs/reference/best_in_class_driver_research_2026-04-03/elixir/downloads/03_MyXQL_docs.html,2026-04-03,downloaded,,text/html
elixir,Tds docs,candidate_docs,https://hexdocs.pm/tds/readme.html,docs/reference/best_in_class_driver_research_2026-04-03/elixir/downloads/04_Tds_docs.html,2026-04-03,downloaded,,text/html
go,pgx docs,selected_docs,https://pkg.go.dev/github.com/jackc/pgx/v5,docs/reference/best_in_class_driver_research_2026-04-03/go/downloads/01_pgx_docs.html,2026-04-03,downloaded,,text/html
go,pgx repo,selected_repo,https://github.com/jackc/pgx,docs/reference/best_in_class_driver_research_2026-04-03/go/downloads/02_pgx_repo.html,2026-04-03,downloaded,refs/heads/master 08c9bb1f0d8fa6cc10ed8c713e68b1baa64dfe2c,text/html
go,go-sql-driver/mysql repo,candidate_repo,https://github.com/go-sql-driver/mysql,docs/reference/best_in_class_driver_research_2026-04-03/go/downloads/03_go-sql-driver_mysql_repo.html,2026-04-03,downloaded,refs/heads/master fed2c72bc5183941d1907934a52d7fbf513b2ced,text/html
go,go-mssqldb repo,candidate_repo,https://github.com/microsoft/go-mssqldb,docs/reference/best_in_class_driver_research_2026-04-03/go/downloads/04_go-mssqldb_repo.html,2026-04-03,downloaded,refs/heads/main 17636aa5108e0c334caaf2008813e4860188dc5b,text/html
hibernate,Hibernate dialect docs,selected_docs,https://docs.jboss.org/hibernate/orm/current/dialect/dialect.html,docs/reference/best_in_class_driver_research_2026-04-03/hibernate/downloads/01_Hibernate_dialect_docs.html,2026-04-03,downloaded,,text/html
hibernate,Hibernate ORM repo,selected_repo,https://github.com/hibernate/hibernate-orm,docs/reference/best_in_class_driver_research_2026-04-03/hibernate/downloads/02_Hibernate_ORM_repo.html,2026-04-03,downloaded,refs/heads/main b6a7117ad17f2032093581bb934b6e8b5050182f,text/html
hibernate,Hibernate user guide,candidate_docs,https://docs.jboss.org/hibernate/orm/current/userguide/html_single/Hibernate_User_Guide.html,docs/reference/best_in_class_driver_research_2026-04-03/hibernate/downloads/03_Hibernate_user_guide.html,2026-04-03,downloaded,,text/html
jdbc,pgjdbc docs,selected_docs,https://jdbc.postgresql.org/documentation/,docs/reference/best_in_class_driver_research_2026-04-03/jdbc/downloads/01_pgjdbc_docs.html,2026-04-03,downloaded,,text/html
jdbc,pgjdbc repo,selected_repo,https://github.com/pgjdbc/pgjdbc,docs/reference/best_in_class_driver_research_2026-04-03/jdbc/downloads/02_pgjdbc_repo.html,2026-04-03,downloaded,refs/heads/master 99f6c0ebebe17a4788602e39d65010cbab0ca658,text/html
jdbc,Connector/J repo,candidate_repo,https://github.com/mysql/mysql-connector-j,docs/reference/best_in_class_driver_research_2026-04-03/jdbc/downloads/03_Connector_J_repo.html,2026-04-03,downloaded,refs/heads/release/9.x fdef61f4af21fa9e0ac334ff0664ec754c164cc0,text/html
jdbc,Microsoft JDBC docs,candidate_docs,https://learn.microsoft.com/en-us/sql/connect/jdbc/overview-of-the-jdbc-driver?view=sql-server-ver17,docs/reference/best_in_class_driver_research_2026-04-03/jdbc/downloads/04_Microsoft_JDBC_docs.html,2026-04-03,downloaded,,text/html
jdbc,mssql-jdbc repo,candidate_repo,https://github.com/microsoft/mssql-jdbc,docs/reference/best_in_class_driver_research_2026-04-03/jdbc/downloads/05_mssql-jdbc_repo.html,2026-04-03,downloaded,refs/heads/main e8d39f3907dd80c36732ade6730bda3b6de2e1ab,text/html
metabase,Metabase databases docs,selected_docs,https://www.metabase.com/docs/latest/databases/start,docs/reference/best_in_class_driver_research_2026-04-03/metabase/downloads/01_Metabase_databases_docs.html,2026-04-03,downloaded,,text/html
metabase,Metabase repo,selected_repo,https://github.com/metabase/metabase,docs/reference/best_in_class_driver_research_2026-04-03/metabase/downloads/02_Metabase_repo.html,2026-04-03,downloaded,refs/heads/master 672bd07e35ed7a70214c79fcd6b05668fb477f83,text/html
metabase,Metabase PostgreSQL docs,candidate_docs,https://www.metabase.com/docs/latest/databases/connections/postgresql,docs/reference/best_in_class_driver_research_2026-04-03/metabase/downloads/03_Metabase_PostgreSQL_docs.html,2026-04-03,downloaded,,text/html
metabase,Metabase MySQL docs,candidate_docs,https://www.metabase.com/docs/latest/databases/connections/mysql,docs/reference/best_in_class_driver_research_2026-04-03/metabase/downloads/04_Metabase_MySQL_docs.html,2026-04-03,downloaded,,text/html
metabase,Metabase SQL Server docs,candidate_docs,https://www.metabase.com/docs/latest/databases/connections/sql-server,docs/reference/best_in_class_driver_research_2026-04-03/metabase/downloads/05_Metabase_SQL_Server_docs.html,2026-04-03,downloaded,,text/html
mojo,asyncpg docs,selected_docs,https://magicstack.github.io/asyncpg/current/,docs/reference/best_in_class_driver_research_2026-04-03/mojo/downloads/01_asyncpg_docs.html,2026-04-03,downloaded,,text/html
mojo,asyncpg repo,selected_repo,https://github.com/MagicStack/asyncpg,docs/reference/best_in_class_driver_research_2026-04-03/mojo/downloads/02_asyncpg_repo.html,2026-04-03,downloaded,refs/heads/master db8ecc2a38e16fb0c090aef6f5506547c2831c24,text/html
mojo,pgx docs,candidate_docs,https://pkg.go.dev/github.com/jackc/pgx/v5,docs/reference/best_in_class_driver_research_2026-04-03/mojo/downloads/03_pgx_docs.html,2026-04-03,downloaded,,text/html
mojo,PostgresNIO repo,candidate_repo,https://github.com/vapor/postgres-nio,docs/reference/best_in_class_driver_research_2026-04-03/mojo/downloads/04_PostgresNIO_repo.html,2026-04-03,downloaded,refs/heads/main f294b6205defeb23dc04c4e094b04f0de5784d4b,text/html
node,node-postgres docs,selected_docs,https://node-postgres.com/,docs/reference/best_in_class_driver_research_2026-04-03/node/downloads/01_node-postgres_docs.html,2026-04-03,downloaded,,text/html
node,node-postgres repo,selected_repo,https://github.com/brianc/node-postgres,docs/reference/best_in_class_driver_research_2026-04-03/node/downloads/02_node-postgres_repo.html,2026-04-03,downloaded,refs/heads/master c78b302666d593007359eb2bd223c5b325a07058,text/html
node,mysql2 docs,candidate_docs,https://sidorares.github.io/node-mysql2/docs,docs/reference/best_in_class_driver_research_2026-04-03/node/downloads/03_mysql2_docs.html,2026-04-03,downloaded,,text/html
node,tedious repo,candidate_repo,https://github.com/tediousjs/tedious,docs/reference/best_in_class_driver_research_2026-04-03/node/downloads/04_tedious_repo.html,2026-04-03,downloaded,refs/heads/master 529402b943753d47988cc6c8d3babd91c85dd824,text/html
odbc,Microsoft ODBC docs,selected_docs,https://learn.microsoft.com/en-us/sql/connect/odbc/microsoft-odbc-driver-for-sql-server,docs/reference/best_in_class_driver_research_2026-04-03/odbc/downloads/01_Microsoft_ODBC_docs.html,2026-04-03,downloaded,,text/html
odbc,psqlODBC project,anchor_docs,https://odbc.postgresql.org/,docs/reference/best_in_class_driver_research_2026-04-03/odbc/downloads/02_psqlODBC_project.html,2026-04-03,downloaded,,text/html
odbc,psqlODBC repo,anchor_repo,https://github.com/postgresql-interfaces/psqlodbc,docs/reference/best_in_class_driver_research_2026-04-03/odbc/downloads/03_psqlODBC_repo.html,2026-04-03,downloaded,refs/heads/main 863a0e938dd50c7b68208484bdc3ef8b00735a92,text/html
odbc,MySQL Connector/ODBC repo,candidate_repo,https://github.com/mysql/mysql-connector-odbc,docs/reference/best_in_class_driver_research_2026-04-03/odbc/downloads/04_MySQL_Connector_ODBC_repo.html,2026-04-03,downloaded,refs/heads/trunk 48709cc9393225aa768e32219eb66292815f489b,text/html
pascal,FireDAC docs,selected_docs,https://docwiki.embarcadero.com/RADStudio/Alexandria/en/Connect_to_PostgreSQL_(FireDAC),docs/reference/best_in_class_driver_research_2026-04-03/pascal/downloads/01_FireDAC_docs.html,2026-04-03,downloaded,,text/html
pascal,ZeosLib mirror,anchor_docs,https://github.com/frones/ZeosLib,docs/reference/best_in_class_driver_research_2026-04-03/pascal/downloads/02_ZeosLib_mirror.html,2026-04-03,downloaded,,text/html
pascal,FreePascal FCL docs,candidate_docs,https://docs.freepascal.org/docs-html/fcl/,docs/reference/best_in_class_driver_research_2026-04-03/pascal/downloads/03_FreePascal_FCL_docs.html,2026-04-03,downloaded,,text/html
php,PDO_PGSQL source,selected_docs,https://github.com/php/php-src/tree/master/ext/pdo_pgsql,docs/reference/best_in_class_driver_research_2026-04-03/php/downloads/01_PDO_PGSQL_source.html,2026-04-03,downloaded,,text/html
php,PHP source repo,selected_repo,https://github.com/php/php-src,docs/reference/best_in_class_driver_research_2026-04-03/php/downloads/02_PHP_source_repo.html,2026-04-03,downloaded,refs/heads/master b7c855f4c2d9a79e6f9bd84a4a40805980542e97,text/html
php,ext-pgsql source,candidate_docs,https://github.com/php/php-src/tree/master/ext/pgsql,docs/reference/best_in_class_driver_research_2026-04-03/php/downloads/03_ext-pgsql_source.html,2026-04-03,downloaded,,text/html
php,amphp/postgres repo,candidate_repo,https://github.com/amphp/postgres,docs/reference/best_in_class_driver_research_2026-04-03/php/downloads/04_amphp_postgres_repo.html,2026-04-03,downloaded,refs/heads/2.x b68c4d5929d0ec1701781dbbb0bb81dd8d0a42d7,text/html
prisma,Prisma PostgreSQL docs,selected_docs,https://www.prisma.io/docs/orm/overview/databases/postgresql,docs/reference/best_in_class_driver_research_2026-04-03/prisma/downloads/01_Prisma_PostgreSQL_docs.html,2026-04-03,downloaded,,text/html
prisma,Prisma repo,selected_repo,https://github.com/prisma/prisma,docs/reference/best_in_class_driver_research_2026-04-03/prisma/downloads/02_Prisma_repo.html,2026-04-03,downloaded,refs/heads/main ada077ba32b5801d00d32f1434a45aaae7bc09a9,text/html
prisma,Prisma MySQL docs,candidate_docs,https://www.prisma.io/docs/orm/overview/databases/mysql,docs/reference/best_in_class_driver_research_2026-04-03/prisma/downloads/03_Prisma_MySQL_docs.html,2026-04-03,downloaded,,text/html
prisma,Prisma SQL Server docs,candidate_docs,https://www.prisma.io/docs/orm/overview/databases/sql-server,docs/reference/best_in_class_driver_research_2026-04-03/prisma/downloads/04_Prisma_SQL_Server_docs.html,2026-04-03,downloaded,,text/html
python,psycopg3 docs,selected_docs,https://www.psycopg.org/psycopg3/docs/,docs/reference/best_in_class_driver_research_2026-04-03/python/downloads/01_psycopg3_docs.html,2026-04-03,downloaded,,text/html
python,psycopg repo,selected_repo,https://github.com/psycopg/psycopg,docs/reference/best_in_class_driver_research_2026-04-03/python/downloads/02_psycopg_repo.html,2026-04-03,downloaded,refs/heads/master eaeb5edeb1f08c6930d5598237136fbe167e0317,text/html
python,asyncpg docs,candidate_docs,https://magicstack.github.io/asyncpg/current/,docs/reference/best_in_class_driver_research_2026-04-03/python/downloads/03_asyncpg_docs.html,2026-04-03,downloaded,,text/html
python,mysqlclient repo,candidate_repo,https://github.com/PyMySQL/mysqlclient,docs/reference/best_in_class_driver_research_2026-04-03/python/downloads/04_mysqlclient_repo.html,2026-04-03,downloaded,refs/heads/main a417303a0597113d2299f63c04f9055e09950ee1,text/html
r,RPostgres docs,selected_docs,https://rpostgres.r-dbi.org/,docs/reference/best_in_class_driver_research_2026-04-03/r/downloads/01_RPostgres_docs.html,2026-04-03,downloaded,,text/html
r,RPostgres repo,selected_repo,https://github.com/r-dbi/RPostgres,docs/reference/best_in_class_driver_research_2026-04-03/r/downloads/02_RPostgres_repo.html,2026-04-03,downloaded,refs/heads/main 8645e6a8f55e258393509c04d0b47f978ac47615,text/html
r,RMariaDB docs,candidate_docs,https://rmariadb.r-dbi.org/,docs/reference/best_in_class_driver_research_2026-04-03/r/downloads/03_RMariaDB_docs.html,2026-04-03,downloaded,,text/html
r,R odbc docs,candidate_docs,https://odbc.r-dbi.org/,docs/reference/best_in_class_driver_research_2026-04-03/r/downloads/04_R_odbc_docs.html,2026-04-03,downloaded,,text/html
ruby,ruby-pg repo,selected_repo,https://github.com/ged/ruby-pg,docs/reference/best_in_class_driver_research_2026-04-03/ruby/downloads/01_ruby-pg_repo.html,2026-04-03,downloaded,refs/heads/master 61f9b37fc02e5f36565737d25c415c1f26dfad68,text/html
ruby,mysql2 repo,candidate_repo,https://github.com/brianmario/mysql2,docs/reference/best_in_class_driver_research_2026-04-03/ruby/downloads/02_mysql2_repo.html,2026-04-03,downloaded,refs/heads/master b009d7e114729cbae5bef069a1033dd78acf7745,text/html
ruby,tiny_tds repo,candidate_repo,https://github.com/rails-sqlserver/tiny_tds,docs/reference/best_in_class_driver_research_2026-04-03/ruby/downloads/03_tiny_tds_repo.html,2026-04-03,downloaded,refs/heads/master 1071d812b0e234a9d89628ba9da63dcd626e4f1b,text/html
rust,tokio-postgres docs,selected_docs,https://docs.rs/tokio-postgres/latest/tokio_postgres/,docs/reference/best_in_class_driver_research_2026-04-03/rust/downloads/01_tokio-postgres_docs.html,2026-04-03,downloaded,,text/html
rust,rust-postgres repo,selected_repo,https://github.com/sfackler/rust-postgres,docs/reference/best_in_class_driver_research_2026-04-03/rust/downloads/02_rust-postgres_repo.html,2026-04-03,downloaded,refs/heads/master 6e6a627832313cbd92bbf383c74dac1cd7064cb0,text/html
rust,sqlx docs,candidate_docs,https://docs.rs/sqlx/latest/sqlx/,docs/reference/best_in_class_driver_research_2026-04-03/rust/downloads/03_sqlx_docs.html,2026-04-03,downloaded,,text/html
rust,mysql_async docs,candidate_docs,https://docs.rs/mysql_async/latest/mysql_async/,docs/reference/best_in_class_driver_research_2026-04-03/rust/downloads/04_mysql_async_docs.html,2026-04-03,downloaded,,text/html
sqlalchemy,SQLAlchemy PostgreSQL dialect docs,selected_docs,https://docs.sqlalchemy.org/en/20/dialects/postgresql.html,docs/reference/best_in_class_driver_research_2026-04-03/sqlalchemy/downloads/01_SQLAlchemy_PostgreSQL_dialect_docs.html,2026-04-03,downloaded,,text/html
sqlalchemy,SQLAlchemy repo,selected_repo,https://github.com/sqlalchemy/sqlalchemy,docs/reference/best_in_class_driver_research_2026-04-03/sqlalchemy/downloads/02_SQLAlchemy_repo.html,2026-04-03,downloaded,refs/heads/main d3a85fbd07fbd88e5872df39290db050c0a6f0a9,text/html
sqlalchemy,SQLAlchemy MySQL dialect docs,candidate_docs,https://docs.sqlalchemy.org/en/20/dialects/mysql.html,docs/reference/best_in_class_driver_research_2026-04-03/sqlalchemy/downloads/03_SQLAlchemy_MySQL_dialect_docs.html,2026-04-03,downloaded,,text/html
sqlalchemy,SQLAlchemy MSSQL dialect docs,candidate_docs,https://docs.sqlalchemy.org/en/20/dialects/mssql.html,docs/reference/best_in_class_driver_research_2026-04-03/sqlalchemy/downloads/04_SQLAlchemy_MSSQL_dialect_docs.html,2026-04-03,downloaded,,text/html
superset,Superset DB engine specs,selected_docs,https://github.com/apache/superset/tree/master/superset/db_engine_specs,docs/reference/best_in_class_driver_research_2026-04-03/superset/downloads/01_Superset_DB_engine_specs.html,2026-04-03,downloaded,,text/html
superset,Superset repo,selected_repo,https://github.com/apache/superset,docs/reference/best_in_class_driver_research_2026-04-03/superset/downloads/02_Superset_repo.html,2026-04-03,downloaded,refs/heads/master d796543f5a0c5f6306f3140d48647640b7a28a14,text/html
superset,Superset repo,candidate_repo,https://github.com/apache/superset,docs/reference/best_in_class_driver_research_2026-04-03/superset/downloads/03_Superset_repo.html,2026-04-03,downloaded,refs/heads/master d796543f5a0c5f6306f3140d48647640b7a28a14,text/html
swift,PostgresNIO repo,selected_repo,https://github.com/vapor/postgres-nio,docs/reference/best_in_class_driver_research_2026-04-03/swift/downloads/01_PostgresNIO_repo.html,2026-04-03,downloaded,refs/heads/main f294b6205defeb23dc04c4e094b04f0de5784d4b,text/html
swift,PostgresKit repo,candidate_repo,https://github.com/vapor/postgres-kit,docs/reference/best_in_class_driver_research_2026-04-03/swift/downloads/02_PostgresKit_repo.html,2026-04-03,downloaded,refs/heads/main 7c079553e9cda74811e627775bf22e40a9405ad9,text/html
swift,MySQLNIO repo,candidate_repo,https://github.com/vapor/mysql-nio,docs/reference/best_in_class_driver_research_2026-04-03/swift/downloads/03_MySQLNIO_repo.html,2026-04-03,downloaded,refs/heads/main 7fa853040169b604a16b963f23b481772f4ac181,text/html
typeorm,TypeORM PostgreSQL docs,selected_docs,https://typeorm.io/docs/drivers/postgres/,docs/reference/best_in_class_driver_research_2026-04-03/typeorm/downloads/01_TypeORM_PostgreSQL_docs.html,2026-04-03,downloaded,,text/html
typeorm,TypeORM repo,selected_repo,https://github.com/typeorm/typeorm,docs/reference/best_in_class_driver_research_2026-04-03/typeorm/downloads/02_TypeORM_repo.html,2026-04-03,downloaded,refs/heads/master e8b7f50a260f77107c8e107507479876a84beaaa,text/html
typeorm,TypeORM MySQL docs,candidate_docs,https://typeorm.io/docs/drivers/mysql/,docs/reference/best_in_class_driver_research_2026-04-03/typeorm/downloads/03_TypeORM_MySQL_docs.html,2026-04-03,downloaded,,text/html
typeorm,TypeORM SQL Server docs,candidate_docs,https://typeorm.io/docs/drivers/microsoft-sqlserver/,docs/reference/best_in_class_driver_research_2026-04-03/typeorm/downloads/04_TypeORM_SQL_Server_docs.html,2026-04-03,downloaded,,text/html
