driver,lane_path,current_parity_state,current_truth_inputs,candidate_benchmark_pool,research_goal,reference_packet_root,gap_report_root,spec_targets,priority
cpp,tracks/p3/drivers/cpp,complete,"BASELINE_REQUIREMENT_MAPPING.md; README.md; docs/audit/DRIVER_IMPLEMENTATION_AUDIT.md","libpqxx; SOCI; nanodbc","Determine whether ScratchBird C/C++ should benchmark against the strongest direct relational client, the strongest idiomatic C++ wrapper, or both; capture ABI, pooling, statement reuse, metadata, and advanced type behavior.","docs/reference/best_in_class_driver_research_2026-04-03/cpp/","docs/audit/best_in_class_driver_gaps_2026-04-03/cpp/","docs/specifications/drivers/language/cpp/SPECIFICATION.md; docs/api-reference/cpp.md; docs/getting-started/cpp.md",P1
cli,tracks/p3/drivers/cli,partial_tooling,"BASELINE_REQUIREMENT_MAPPING.md; README.md; S2_TXN_EXEC_IMPLEMENTATION.md; S3_METADATA_IMPLEMENTATION.md; docs/planning/driver-checklists/cli.md; docs/audit/DRIVER_IMPLEMENTATION_AUDIT.md","psql; usql; MySQL Shell; sqlcmd","Determine the best-in-class interactive and scriptable database CLI patterns for connection bootstrap, scripting, transaction control, metadata inspection, import/export, output formatting, diagnostics, and automation so ScratchBird CLI can reach full Beta 1 tooling quality.","docs/reference/best_in_class_driver_research_2026-04-03/cli/","docs/audit/best_in_class_driver_gaps_2026-04-03/cli/","docs/specifications/drivers/CLI_TOOLS_SPECIFICATION.md; docs/user-documentation/tools/README.md; docs/planning/driver-checklists/cli.md; tracks/p3/drivers/cli/README.md",P0
dart,tracks/p3/drivers/dart,partial,"BASELINE_REQUIREMENT_MAPPING.md; README.md; docs/specifications/DRIVER_DART_DATABASE_API.md; docs/audit/DRIVER_IMPLEMENTATION_AUDIT.md","dart-postgres/postgres; mysql1 or mysql_client; sqlite3 package","Identify the strongest direct Dart database driver patterns for async execution, streaming, transaction semantics, metadata, and typed codecs, then define what ScratchBird Dart must add to reach or exceed that bar.","docs/reference/best_in_class_driver_research_2026-04-03/dart/","docs/audit/best_in_class_driver_gaps_2026-04-03/dart/","docs/specifications/DRIVER_DART_DATABASE_API.md; docs/getting-started/dart.md; docs/api-reference/dart.md",P0
dbeaver,tracks/alpha/integrations/scratchbird-dbeaver-driver,partial_plugin,"README.md; docs/specifications/drivers/JDBC_DRIVER_SPECIFICATION.md; docs/audit/DRIVER_IMPLEMENTATION_AUDIT.md","DBeaver PostgreSQL extension; DBeaver MySQL extension; DBeaver SQL Server extension","Determine the strongest DBeaver extension behavior for navigator metadata, DDL editors, explain integration, driver packaging, update-site distribution, and enterprise install ergonomics; define what ScratchBird must add to become a first-class DBeaver target.","docs/reference/best_in_class_driver_research_2026-04-03/dbeaver/","docs/audit/best_in_class_driver_gaps_2026-04-03/dbeaver/","docs/application-reference/DBEAVER_COMPATIBILITY_SPECIFICATION.md; docs/api-reference/dbeaver.md; docs/getting-started/dbeaver.md; tracks/alpha/integrations/scratchbird-dbeaver-driver/README.md",P0
dotnet,tracks/p3/drivers/dotnet,complete,"BASELINE_REQUIREMENT_MAPPING.md; README.md; docs/specifications/drivers/language/dotnet-csharp/SPECIFICATION.md; docs/audit/DRIVER_IMPLEMENTATION_AUDIT.md","Npgsql; Microsoft.Data.SqlClient; MySqlConnector","Determine the strongest ADO.NET benchmark for provider completeness, pooling, cancellation, diagnostics, metadata, batching, and high-load behavior; produce a closure spec that makes ScratchBird equal or better.","docs/reference/best_in_class_driver_research_2026-04-03/dotnet/","docs/audit/best_in_class_driver_gaps_2026-04-03/dotnet/","docs/specifications/drivers/language/dotnet-csharp/SPECIFICATION.md; docs/api-reference/dotnet.md; docs/getting-started/dotnet.md",P0
elixir,tracks/p3/drivers/elixir,partial,"BASELINE_REQUIREMENT_MAPPING.md; README.md; docs/specifications/DRIVER_ELIXIR_ECTO_ADAPTER.md; docs/audit/DRIVER_IMPLEMENTATION_AUDIT.md","Postgrex; MyXQL; Tds; Ecto SQL adapters","Determine the best-in-class Elixir direct driver plus Ecto adapter behavior for query streaming, transactions, pooling, telemetry, metadata, and error surfaces; close ScratchBird’s EXEC/RES gaps accordingly.","docs/reference/best_in_class_driver_research_2026-04-03/elixir/","docs/audit/best_in_class_driver_gaps_2026-04-03/elixir/","docs/specifications/DRIVER_ELIXIR_ECTO_ADAPTER.md; docs/getting-started/elixir.md; docs/api-reference/elixir.md",P0
go,tracks/p3/drivers/go,complete,"BASELINE_REQUIREMENT_MAPPING.md; README.md; docs/specifications/drivers/language/golang/SPECIFICATION.md; docs/audit/DRIVER_IMPLEMENTATION_AUDIT.md","pgx; go-sql-driver/mysql; go-mssqldb","Determine whether pgx remains the best direct-comparison benchmark for Go database/sql plus native APIs, and identify any remaining areas where ScratchBird Go should exceed it.","docs/reference/best_in_class_driver_research_2026-04-03/go/","docs/audit/best_in_class_driver_gaps_2026-04-03/go/","docs/specifications/drivers/language/golang/SPECIFICATION.md; docs/api-reference/go.md; docs/getting-started/go.md",P0
hibernate,tracks/alpha/integrations/scratchbird-hibernate-dialect,partial_contract_only,"README.md; examples/README.md; docs/specifications/drivers/JDBC_DRIVER_SPECIFICATION.md; docs/audit/DRIVER_IMPLEMENTATION_AUDIT.md","Hibernate PostgreSQLDialect; Hibernate SQLServerDialect; Hibernate MySQLDialect","Determine the strongest Hibernate dialect behavior for DDL generation, identifier quoting, paging/locking, type contributions, schema tooling, and transaction/savepoint semantics so ScratchBird Hibernate can be equal to or better than the strongest mainstream dialects.","docs/reference/best_in_class_driver_research_2026-04-03/hibernate/","docs/audit/best_in_class_driver_gaps_2026-04-03/hibernate/","docs/application-reference/HIBERNATE_COMPATIBILITY_SPECIFICATION.md; docs/api-reference/hibernate.md; docs/getting-started/hibernate.md; tracks/alpha/integrations/scratchbird-hibernate-dialect/README.md",P0
jdbc,tracks/p3/drivers/jdbc,complete,"BASELINE_REQUIREMENT_MAPPING.md; README.md; docs/specifications/drivers/JDBC_DRIVER_SPECIFICATION.md; docs/specifications/drivers/language/java-jdbc/SPECIFICATION.md; docs/audit/DRIVER_IMPLEMENTATION_AUDIT.md","pgjdbc; MySQL Connector/J; Microsoft JDBC Driver for SQL Server","Determine the strongest JDBC benchmark for DatabaseMetaData breadth, prepared statements, large object handling, pooling, multi-result behavior, and release discipline; identify where ScratchBird JDBC can exceed it.","docs/reference/best_in_class_driver_research_2026-04-03/jdbc/","docs/audit/best_in_class_driver_gaps_2026-04-03/jdbc/","docs/specifications/drivers/JDBC_DRIVER_SPECIFICATION.md; docs/specifications/drivers/language/java-jdbc/SPECIFICATION.md; docs/api-reference/jdbc.md; docs/getting-started/jdbc.md",P0
metabase,tracks/alpha/integrations/scratchbird-metabase-driver,partial_adapter,"README.md; docs/application-reference/METABASE_COMPATIBILITY_SPECIFICATION.md; docs/api-reference/metabase.md; docs/getting-started/metabase.md; docs/planning/driver-checklists/metabase.md; docs/specifications/drivers/JDBC_DRIVER_SPECIFICATION.md","Metabase PostgreSQL driver; Metabase MySQL driver; Metabase SQL Server driver","Determine the best-in-class Metabase database driver behavior for schema sync, field typing, fingerprinting, native query parameters, capability flags, and packaging so ScratchBird Metabase can be a first-class plugin rather than a thin experimental bridge.","docs/reference/best_in_class_driver_research_2026-04-03/metabase/","docs/audit/best_in_class_driver_gaps_2026-04-03/metabase/","docs/application-reference/METABASE_COMPATIBILITY_SPECIFICATION.md; docs/api-reference/metabase.md; docs/getting-started/metabase.md; tracks/alpha/integrations/scratchbird-metabase-driver/README.md",P0
mojo,tracks/p3/drivers/mojo,hybrid_native_gap,"BASELINE_REQUIREMENT_MAPPING.md; README.md; docs/specifications/DRIVER_MOJO_NATIVE_API.md; docs/planning/driver-checklists/mojo.md; docs/audit/DRIVER_IMPLEMENTATION_AUDIT.md","Any native Mojo DB driver if it exists; Python bridgeable best-in-class relational drivers; low-level direct-wire drivers such as asyncpg/pgx/PostgresNIO as design anchors","Determine whether a true Mojo-native best-in-class comparator exists; if not, build a composite benchmark set and define the native transport, TLS, streaming, and type-wrapper bar ScratchBird Mojo must meet.","docs/reference/best_in_class_driver_research_2026-04-03/mojo/","docs/audit/best_in_class_driver_gaps_2026-04-03/mojo/","docs/specifications/DRIVER_MOJO_NATIVE_API.md; docs/api-reference/mojo.md; docs/getting-started/mojo.md",P0
node,tracks/p3/drivers/node,complete,"BASELINE_REQUIREMENT_MAPPING.md; README.md; docs/specifications/drivers/language/nodejs-typescript/SPECIFICATION.md; docs/audit/DRIVER_IMPLEMENTATION_AUDIT.md","node-postgres/pg; mysql2; tedious","Determine the strongest Node/TypeScript benchmark for connection config, prepared statements, cancellation, cursor streaming, metadata, types, and ergonomics; close any delta to that benchmark.","docs/reference/best_in_class_driver_research_2026-04-03/node/","docs/audit/best_in_class_driver_gaps_2026-04-03/node/","docs/specifications/drivers/language/nodejs-typescript/SPECIFICATION.md; docs/api-reference/node.md; docs/getting-started/node.md",P0
odbc,tracks/p3/drivers/odbc,partial,"BASELINE_REQUIREMENT_MAPPING.md; README.md; docs/specifications/drivers/ODBC_DRIVER_SPECIFICATION.md; docs/audit/DRIVER_IMPLEMENTATION_AUDIT.md","Microsoft ODBC Driver for SQL Server; psqlODBC; MySQL Connector/ODBC","Determine the strongest ODBC benchmark for metadata breadth, descriptor behavior, cursor semantics, diagnostics, and platform packaging; close ScratchBird ODBC’s remaining metadata gap and any competitive shortfalls.","docs/reference/best_in_class_driver_research_2026-04-03/odbc/","docs/audit/best_in_class_driver_gaps_2026-04-03/odbc/","docs/specifications/drivers/ODBC_DRIVER_SPECIFICATION.md; docs/api-reference/odbc.md; docs/getting-started/odbc.md",P0
pascal,tracks/p3/drivers/pascal,complete,"BASELINE_REQUIREMENT_MAPPING.md; README.md; docs/specifications/drivers/language/pascal-delphi/SPECIFICATION.md; docs/audit/DRIVER_IMPLEMENTATION_AUDIT.md","ZeosLib; FireDAC; FreePascal SQLDB","Determine the strongest Pascal/Delphi benchmark for native driver behavior, dataset integration, metadata, transactions, TLS, and packaging across Delphi/FPC ecosystems.","docs/reference/best_in_class_driver_research_2026-04-03/pascal/","docs/audit/best_in_class_driver_gaps_2026-04-03/pascal/","docs/specifications/drivers/language/pascal-delphi/SPECIFICATION.md; docs/api-reference/pascal.md; docs/getting-started/pascal.md",P1
php,tracks/p3/drivers/php,complete,"BASELINE_REQUIREMENT_MAPPING.md; README.md; docs/specifications/drivers/language/php/SPECIFICATION.md; docs/audit/DRIVER_IMPLEMENTATION_AUDIT.md","ext-pgsql; PDO_PGSQL; amphp/postgres","Determine the strongest PHP benchmark for PDO-style integration, typed error handling, parameter binding, streaming, metadata, and package ergonomics; raise ScratchBird PHP to match or exceed it.","docs/reference/best_in_class_driver_research_2026-04-03/php/","docs/audit/best_in_class_driver_gaps_2026-04-03/php/","docs/specifications/drivers/language/php/SPECIFICATION.md; docs/api-reference/php.md; docs/getting-started/php.md",P1
prisma,tracks/alpha/integrations/scratchbird-prisma-adapter,partial_contract_only,"README.md; docs/audit/DRIVER_IMPLEMENTATION_AUDIT.md; tracks/p3/drivers/node/README.md","Prisma PostgreSQL provider; Prisma MySQL provider; Prisma SQL Server provider","Determine the strongest Prisma provider behavior for schema introspection, migration planning, datasource validation, transaction usage, and native type mapping so ScratchBird Prisma can move from deterministic scaffold to first-class provider quality.","docs/reference/best_in_class_driver_research_2026-04-03/prisma/","docs/audit/best_in_class_driver_gaps_2026-04-03/prisma/","docs/application-reference/PRISMA_COMPATIBILITY_SPECIFICATION.md; docs/api-reference/prisma.md; docs/getting-started/prisma.md; tracks/alpha/integrations/scratchbird-prisma-adapter/README.md",P0
python,tracks/p3/drivers/python,complete,"BASELINE_REQUIREMENT_MAPPING.md; README.md; docs/specifications/drivers/language/python/SPECIFICATION.md; docs/audit/DRIVER_IMPLEMENTATION_AUDIT.md","psycopg3; asyncpg; mysqlclient or mysql-connector-python","Determine the strongest Python benchmark for DB-API semantics, async APIs, typed codecs, cancellation, copy/streaming patterns, packaging, and ecosystem integration; identify where ScratchBird Python can be better.","docs/reference/best_in_class_driver_research_2026-04-03/python/","docs/audit/best_in_class_driver_gaps_2026-04-03/python/","docs/specifications/drivers/language/python/SPECIFICATION.md; docs/api-reference/python.md; docs/getting-started/python.md",P0
r,tracks/p3/drivers/r,partial,"BASELINE_REQUIREMENT_MAPPING.md; README.md; docs/specifications/drivers/language/r/SPECIFICATION.md; docs/audit/DRIVER_IMPLEMENTATION_AUDIT.md","RPostgres; RMariaDB; odbc package","Determine the strongest R DBI benchmark for connection/auth ergonomics, result/data-frame shaping, metadata helpers, type conversion, and packaging; close ScratchBird R’s connection and metadata gaps.","docs/reference/best_in_class_driver_research_2026-04-03/r/","docs/audit/best_in_class_driver_gaps_2026-04-03/r/","docs/specifications/drivers/language/r/SPECIFICATION.md; docs/api-reference/r.md; docs/getting-started/r.md",P1
ruby,tracks/p3/drivers/ruby,complete,"BASELINE_REQUIREMENT_MAPPING.md; README.md; docs/specifications/drivers/language/ruby/SPECIFICATION.md; docs/audit/DRIVER_IMPLEMENTATION_AUDIT.md","pg gem; mysql2; tiny_tds","Determine the strongest Ruby benchmark for DBI and direct-driver behavior, prepared statements, metadata, error classes, UTF-8 handling, and release quality; identify any areas for ScratchBird Ruby to exceed it.","docs/reference/best_in_class_driver_research_2026-04-03/ruby/","docs/audit/best_in_class_driver_gaps_2026-04-03/ruby/","docs/specifications/drivers/language/ruby/SPECIFICATION.md; docs/api-reference/ruby.md; docs/getting-started/ruby.md",P1
rust,tracks/p3/drivers/rust,complete,"BASELINE_REQUIREMENT_MAPPING.md; README.md; docs/specifications/drivers/language/rust/SPECIFICATION.md; docs/audit/DRIVER_IMPLEMENTATION_AUDIT.md","tokio-postgres; sqlx; mysql_async","Determine the strongest Rust benchmark for async performance, typed decoding, connection pooling, transactions, cancellation, and release quality; identify remaining enhancements needed for ScratchBird Rust to be clearly best in class.","docs/reference/best_in_class_driver_research_2026-04-03/rust/","docs/audit/best_in_class_driver_gaps_2026-04-03/rust/","docs/specifications/drivers/language/rust/SPECIFICATION.md; docs/api-reference/rust.md; docs/getting-started/rust.md",P0
sqlalchemy,tracks/alpha/integrations/scratchbird-sqlalchemy-dialect,partial_adapter,"README.md; docs/specifications/drivers/language/python/SPECIFICATION.md; docs/audit/DRIVER_IMPLEMENTATION_AUDIT.md","SQLAlchemy PostgreSQL dialect; SQLAlchemy MySQL dialect; SQLAlchemy SQL Server dialect","Determine the strongest SQLAlchemy dialect behavior for reflection, ORM mapping, DDL compilation, server default handling, transaction integration, alembic compatibility, and packaging so ScratchBird SQLAlchemy can be equal to or better than the strongest mainstream dialects.","docs/reference/best_in_class_driver_research_2026-04-03/sqlalchemy/","docs/audit/best_in_class_driver_gaps_2026-04-03/sqlalchemy/","docs/application-reference/SQLALCHEMY_COMPATIBILITY_SPECIFICATION.md; docs/api-reference/sqlalchemy.md; docs/getting-started/sqlalchemy.md; tracks/alpha/integrations/scratchbird-sqlalchemy-dialect/README.md",P0
superset,tracks/beta/integrations/scratchbird-superset-driver,partial_adapter,"README.md; docs/application-reference/SUPERSET_COMPATIBILITY_SPECIFICATION.md; docs/api-reference/superset.md; docs/getting-started/superset.md; docs/planning/driver-checklists/superset.md; tracks/alpha/integrations/scratchbird-sqlalchemy-dialect/README.md","Superset PostgreSQL engine spec; Superset MySQL engine spec; Superset Trino engine spec","Determine the strongest Superset database integration behavior for engine spec capability flags, SQL Lab, dataset discovery, time grain handling, async query workflows, and packaging so ScratchBird Superset can be a full first-class backend.","docs/reference/best_in_class_driver_research_2026-04-03/superset/","docs/audit/best_in_class_driver_gaps_2026-04-03/superset/","docs/application-reference/SUPERSET_COMPATIBILITY_SPECIFICATION.md; docs/api-reference/superset.md; docs/getting-started/superset.md; tracks/beta/integrations/scratchbird-superset-driver/README.md",P0
swift,tracks/p3/drivers/swift,partial,"BASELINE_REQUIREMENT_MAPPING.md; README.md; docs/specifications/DRIVER_SWIFT_ASYNC_ADAPTER.md; docs/audit/DRIVER_IMPLEMENTATION_AUDIT.md","PostgresNIO; AsyncPostgres or similar direct Swift drivers; DB driver packages used in Vapor/Hummingbird ecosystems","Determine the strongest Swift benchmark for async/await, NIO integration, streaming, typed decoding, metadata, pooling, and failure handling; close ScratchBird Swift’s current partial areas.","docs/reference/best_in_class_driver_research_2026-04-03/swift/","docs/audit/best_in_class_driver_gaps_2026-04-03/swift/","docs/specifications/DRIVER_SWIFT_ASYNC_ADAPTER.md; docs/api-reference/swift.md; docs/getting-started/swift.md",P0
typeorm,tracks/alpha/integrations/scratchbird-typeorm-adapter,partial_contract_only,"README.md; examples/README.md; tracks/p3/drivers/node/README.md; docs/audit/DRIVER_IMPLEMENTATION_AUDIT.md","TypeORM PostgreSQL driver; TypeORM MySQL driver; TypeORM SQL Server driver","Determine the strongest TypeORM adapter behavior for datasource options, schema sync, migrations, relation loading, transaction scoping, metadata reflection, and query builder behavior so ScratchBird TypeORM can be a production-grade adapter.","docs/reference/best_in_class_driver_research_2026-04-03/typeorm/","docs/audit/best_in_class_driver_gaps_2026-04-03/typeorm/","docs/application-reference/TYPEORM_COMPATIBILITY_SPECIFICATION.md; docs/api-reference/typeorm.md; docs/getting-started/typeorm.md; tracks/alpha/integrations/scratchbird-typeorm-adapter/README.md",P0
